img_path;clothes;color_hsv;bl;wh;color
image10760.png;0,2,6,13,15,19;36.0;2.0242914979756996;96.8627450980392;peach
image10006.png;0,1,6,13,20;60.0;0.4081632653061199;96.07843137254902;green
image10589.png;1,3,6;27.272727272727273;4.526748971193411;95.2941176470588;peach
8c731166-image28.png;20,6,15;25.090909090909093;56.70103092783505;38.03921568627451;orange
66084130-image8.png;0,10,13,15;45.0;1.58102766798418;99.2156862745098;peach
8471d3a7-image82.png;1,10,2,13;20.0;29.268292682926827;16.07843137254902;brown
image10238.png;0,1,9,12,19;32.30769230769231;20.52631578947368;74.50980392156863;orange
e4c56baf-image55.png;10,15;17.64705882352941;23.61111111111111;28.235294117647054;brown
image10576.png;0,10,13,15;20.0;1.19047619047619;98.82352941176472;peach
image10210.png;0,1,2,13,17,20;19.199999999999996;34.72222222222222;28.235294117647054;brown
image10204.png;0,1,10,2;342.85714285714283;20.0;13.725490196078432;brown
image10562.png;0,3,7,12,16;209.14285714285717;22.29299363057325;61.568627450980394;blue
5cdf47d6-image65.png;0,1,16,17,20;11.999999999999996;9.09090909090909;64.70588235294117;red
image1046.png;0,5,13,15;180.0;1.72413793103448;22.745098039215687;blue
image10364.png;0,2,10,13,15;353.1543624161074;90.30303030303033;64.70588235294117;red
image10370.png;0,6,15,17,20;31.36363636363636;21.15384615384615;81.56862745098039;peach
image10416.png;10,13,15;217.5;42.105263157894726;22.35294117647059;blue
8786f46d-image15.png;0,13,15;354.22222222222223;87.09677419354838;60.78431372549019;red
image10166.png;0,1,2,3,11,13;180.0;2.18340611353711;89.80392156862746;blue
image10600.png;10,15;312.0;45.454545454545446;4.313725490196078;violet
image10614.png;0,7,10,13,14;51.42857142857144;2.84552845528455;96.47058823529412;yellow
image10615.png;0,8,13,15,20;28.0;17.96407185628742;65.49019607843137;orange
4fcc8648-image86.png;8,18,7;0.0;8.92857142857142;21.96078431372549;brown
image10629.png;0,10,13,15;18.26086956521739;24.210526315789473;74.50980392156863;orange
e2dbfd8b-image103.png;9,3,13,7;219.375;21.05263157894736;59.6078431372549;blue
image10371.png;0,7,8,13,19;260.0;1.2;98.0392156862745;violet
image10417.png;0,10,13,15;40.0;1.19047619047619;98.82352941176472;peach
image10365.png;16,0,18,15;0.0;0.0;97.6470588235294;pink
image1047.png;18,6;60.0;4.62962962962962;84.70588235294117;green
d7c24c12-image33.png;0,6,13,15,20;40.0;1.2;98.0392156862745;peach
fb1586b8-image12.png;8,0,19,7;220.00000000000003;1.19047619047619;98.82352941176472;blue
image1053.png;0,1,6,13,19;96.66666666666669;11.11111111111111;63.52941176470588;green
image10563.png;0,19,12,7;38.18181818181818;4.84581497797356;89.01960784313725;peach
image10577.png;0,2,8,13,15,18;28.695652173913047;51.11111111111111;17.647058823529413;brown
image10211.png;0,10,2,15;340.0;24.489795918367346;19.215686274509807;pink
image10239.png;0,1,20,6;24.0;24.19354838709677;24.313725490196077;brown
371e3552-image9.png;20,12,6,15;60.0;0.40983606557377;95.68627450980392;green
image10013.png;10,15;20.930232558139533;27.74193548387096;60.78431372549019;orange
image10775.png;0,6,13,15,19;30.0;1.58730158730158;98.82352941176472;peach
image10788.png;0,8,15,16,18;330.0;10.52631578947368;14.901960784313726;dark
image10039.png;0,2,3,6,7,13;37.5;3.33333333333333;94.11764705882352;peach
image10005.png;1,10,13;300.0;1.20481927710843;97.6470588235294;violet
image10763.png;0,10,13,15;23.529411764705884;39.53488372093023;50.588235294117645;orange
image10011.png;0,1,2,6,19;75.0;6.956521739130429;45.09803921568628;green
image10549.png;0,2,8,13,15,18;27.272727272727273;31.428571428571427;13.725490196078432;brown
image10561.png;0,16,19,6;29.347826086956516;55.42168674698795;65.09803921568627;orange
image10207.png;0,1,3,14;260.0;8.1081081081081;14.50980392156863;dark
image10213.png;0,7,8,9,20;30.0;0.8;98.0392156862745;peach
image10575.png;0,8,13,15,19;17.142857142857142;2.77777777777777;98.82352941176472;peach
image10415.png;0,19,14,7;30.0;0.8;98.0392156862745;peach
image10373.png;0,1,11,13;229.99999999999997;15.0;15.68627450980392;blue
image10367.png;8,18,11;60.0;0.40160642570281;97.6470588235294;green
image10401.png;0,10,13,7;90.0;5.4054054054054;14.50980392156863;dark
image10171.png;0,3,7,13,14;227.50000000000003;23.52941176470588;40.0;blue
image10617.png;10,2,13,15;353.6363636363636;94.9640287769784;54.509803921568626;red
image10602.png;0,5,7;19.534883720930235;26.3803680981595;63.921568627450974;orange
image10164.png;0,2,10,13,15;219.00000000000003;35.71428571428571;21.96078431372549;blue
image10170.png;0,10,13,15;315.7142857142857;30.0;54.90196078431373;violet
13c6dea1-image31.png;13,6,7;0.0;0.0;95.2941176470588;pink
image10616.png;0,10,13,15;350.0;31.57894736842105;14.901960784313726;brown
a8715985-image53.png;1,3,13,6;24.0;2.04081632653061;96.07843137254902;peach
image10400.png;0,9,13,15,19;22.10526315789474;23.75;62.74509803921568;orange
4145caca-image62.png;19,13,14,7;300.0;0.4081632653061199;96.07843137254902;violet
image1078.png;0,9,11,15,20;28.333333333333336;24.16107382550335;58.43137254901961;orange
image1050.png;0,10,15;6.66666666666667;32.14285714285714;76.86274509803923;red
image1044.png;0,7,8,13,14,18;0.0;23.15270935960591;79.6078431372549;pink
image10212.png;10;10.79136690647482;59.14893617021277;92.15686274509804;pink
image10574.png;0,16,2,7;232.72727272727275;18.33333333333333;70.58823529411765;blue
image10560.png;0,1,4,13,19;15.0;24.489795918367346;19.215686274509807;brown
image10206.png;0,1,10,13;15.0;20.85308056872037;82.74509803921568;pink
image10548.png;0,13,15,16,19;20.0;1.19047619047619;98.82352941176472;peach
image10004.png;16,19,7;233.33333333333337;23.07692307692307;76.47058823529412;blue
image10762.png;0,1,3,6;0.0;0.0;9.803921568627452;dark
image10789.png;0,3,8,13,15;36.0;14.084507042253518;83.52941176470588;peach
image10799.png;1,3,13,6;45.0;1.60642570281124;97.6470588235294;peach
image10766.png;0,6,13,15,20;350.0;2.38095238095238;98.82352941176472;pink
image10014.png;0,7,13,14,17,20;0.0;13.04347826086956;18.03921568627451;brown
image10202.png;8,0,19;354.0;20.83333333333333;75.29411764705883;red
image10564.png;0,2,8,13,15,17,20;25.71428571428572;8.695652173913041;63.13725490196078;orange
image10570.png;0,1,3,6,12;23.076923076923073;39.39393939393939;25.882352941176475;brown
e49def5c-image0.png;16,0,3,7;42.35294117647058;70.83333333333334;65.88235294117646;orange
image10216.png;10,13,15;100.0;2.4793388429752;47.45098039215686;green
989ce847-image26.png;0,11,13,15;20.0;30.0;19.607843137254903;brown
image10389.png;0,3,7,8,13;18.045112781954884;68.55670103092784;76.07843137254902;orange
b6f80168-image60.png;11,19,13,15;82.85714285714285;12.42603550295858;66.27450980392156;green
image1068.png;0,16,18;30.0;1.6129032258064495;97.25490196078432;peach
image10362.png;0,8,13,15,20;30.0;1.6;98.0392156862745;peach
image1040.png;0,2,11,13,15,20;16.363636363636363;33.33333333333333;25.882352941176475;brown
image10438.png;0,1,6,13,19;34.285714285714285;21.21212121212121;12.941176470588236;brown
image1054.png;19,6,15;33.333333333333336;3.82978723404255;92.15686274509804;peach
94ea2574-image115.png;3,7,13,14,17;212.7272727272727;33.33333333333333;25.882352941176475;blue
image10612.png;0,10,15;226.0;16.12903225806451;72.94117647058823;blue
image10174.png;17;60.0;0.83333333333333;94.11764705882352;green
image10148.png;0,10,13,15;20.999999999999996;22.988505747126432;34.11764705882353;brown
image10149.png;0,2,3,7,8,13;220.00000000000003;35.8974358974359;45.88235294117647;blue
image10161.png;0,1,2,6,13,20;342.85714285714283;20.58823529411764;13.333333333333334;brown
image10607.png;19,6,15;0.0;0.0;96.07843137254902;pink
image10613.png;0,1,2,13,17;255.0;11.76470588235294;13.333333333333334;dark
image10175.png;0,9,19;30.0;0.79681274900398;98.4313725490196;peach
7ab4ac84-image27.png;7,11,12,14,18;28.0;24.59016393442623;23.92156862745098;brown
image1055.png;16,1,3;315.0;19.51219512195122;16.07843137254902;violet
image1069.png;0,1,10,13;339.6694214876033;51.48936170212765;92.15686274509804;pink
image10377.png;1,8,14,17,18;40.0;1.20481927710843;97.6470588235294;peach
image10388.png;0,2,13,15,16,19;0.0;7.36842105263157;37.25490196078432;brown
image10559.png;1,3,13,16,17;300.0;0.4048582995951399;96.8627450980392;violet
image10571.png;16,1,20;220.00000000000003;15.78947368421052;22.35294117647059;blue
image10217.png;0,7,9,13,19;36.66666666666667;16.51376146788991;85.49019607843137;peach
image10203.png;0,10,13,15;20.0;16.36363636363636;21.568627450980394;brown
image10565.png;0,8,13,15,16,17,18;285.0;7.84313725490196;20.0;violet
image10015.png;0,2,6,13,15,19;40.0;1.19521912350597;98.4313725490196;peach
image10767.png;0,20,6,15;28.421052631578952;15.70247933884297;47.45098039215686;orange
image10001.png;8,20,7;336.5217391304348;9.38775510204081;96.07843137254902;pink
image10798.png;0,16,19,7;0.0;0.40322580645161;97.25490196078432;pink
image10771.png;2,3,8,13,15;69.99999999999999;2.39043824701195;98.4313725490196;green
image10017.png;6,7,13,16,20;300.0;6.451612903225799;12.15686274509804;dark
image10003.png;0,1,8,13,20;321.42857142857144;44.91978609625668;73.33333333333333;pink
image10765.png;0,7,8,13,20;16.956521739130437;28.22085889570552;63.921568627450974;orange
image10598.png;0,10,13,7;264.0;14.705882352941169;13.333333333333334;dark
image10215.png;0,10,13,15;334.2857142857143;2.8000000000000003;98.0392156862745;pink
image10201.png;0,8,13,15,19;77.99999999999999;18.51851851851851;21.176470588235293;green
image10229.png;16,0,20,7;60.0;0.40983606557377;95.68627450980392;green
778b71d4-image24.png;10,13,15;30.0;0.8097165991902799;96.8627450980392;peach
image10349.png;0,6,7,13,19;28.07339449541284;48.87892376681614;87.45098039215686;orange
image10188.png;0,1,2,13,16,20;0.0;0.0;97.6470588235294;pink
image10605.png;0,1,10,13;160.0;12.5;9.411764705882351;dark
image10163.png;0,3,8,9,13,15;21.81818181818182;23.65591397849462;36.47058823529411;brown
image10177.png;1,6,8,18,20;40.0;7.8125;75.29411764705883;orange
image10611.png;0,10,15;20.0;1.20967741935483;97.25490196078432;peach
b4b5f7f9-image99.png;0,3,7,8,13,17;213.69863013698628;70.87378640776699;40.3921568627451;blue
image10610.png;3,6,7;90.0;0.8;98.0392156862745;green
image10162.png;16,0,18,1;12.63157894736842;14.728682170542632;50.588235294117645;red
image10189.png;16,19,7;120.0;1.09890109890109;71.37254901960785;green
image10374.png;8,20,15;20.0;3.5999999999999996;98.0392156862745;peach
image10228.png;0,6,8,13,15,18;240.0;0.4081632653061199;96.07843137254902;blue
image10214.png;0,7,8,13,19;16.875;18.71345029239766;67.05882352941175;orange
45649201-image4.png;0,8,13,15,19;36.0;2.05761316872428;95.2941176470588;peach
b542287c-image40.png;0,10,15;22.5;29.629629629629623;63.52941176470588;orange
bdc42900-image76.png;8,3,13,15;240.0;2.39043824701195;98.4313725490196;blue
image10002.png;0,3,11,13,15;36.0;1.99203187250996;98.4313725490196;peach
image10764.png;0,1,8,17,20;31.764705882352946;18.68131868131868;35.68627450980392;brown
image10016.png;0,10,13,15;32.72727272727273;26.66666666666666;64.70588235294117;orange
image10071.png;0,2,10,13,15;2.941176470588238;42.67782426778242;93.72549019607844;pink
image10065.png;1,2,6,13,19;40.0;2.41935483870967;97.25490196078432;peach
image10703.png;0,1,6,13,19;15.555555555555555;12.0;88.23529411764706;peach
image10298.png;0,7,13,16,20;0.0;0.4081632653061199;96.07843137254902;pink
image10529.png;0,1,19,6;36.92307692307693;9.42028985507246;54.11764705882353;orange
image10273.png;0,8,9,13,15,20;350.0;19.35483870967742;12.15686274509804;brown
image10515.png;1,3,6,13,16,17;26.666666666666664;35.52631578947368;29.80392156862745;brown
image1031.png;16,1,19,0;60.0;4.54545454545454;8.627450980392156;dark
image1025.png;0,9,19,1;11.999999999999996;9.80392156862745;20.0;brown
image10307.png;16,20,13;338.1818181818182;4.38247011952191;98.4313725490196;pink
image10461.png;0,6,7,13,20;33.333333333333336;7.346938775510201;96.07843137254902;peach
image10475.png;0,10,13,15;1.1764705882352966;43.58974358974359;45.88235294117647;red
image1019.png;0,7,8,13,20;340.0;1.20967741935483;97.25490196078432;pink
image10688.png;0,2,7,10,12,17;40.0;1.22448979591836;96.07843137254902;peach
image10139.png;0,1,2,13,20;300.0;5.12820512820512;15.294117647058824;violet
image10105.png;0,1,20,13;39.42857142857143;26.31578947368421;52.156862745098046;orange
image10111.png;0,3,7,13,14;213.33333333333331;4.5;78.43137254901961;blue
image10104.png;0,2,10,13,15;28.08510638297872;20.52401746724891;89.80392156862746;peach
image10138.png;0,1,13,16,19;240.0;3.44827586206896;11.372549019607844;dark
image1018.png;0,3,7,13,14,16;234.54545454545453;15.94202898550724;27.058823529411764;blue
image10312.png;8,18,6,7;251.25;7.76699029126213;80.7843137254902;violet
image10306.png;0,3,7,13,16,17;352.4271844660194;68.21192052980133;59.21568627450981;red
image10460.png;0,3,7,12,13,16;60.0;0.8;98.0392156862745;green
image10448.png;0,10,13,15;84.32432432432431;16.7420814479638;86.66666666666667;green
image1024.png;0,1,2,13,16;0.0;6.06060606060606;12.941176470588236;dark
3e1da314-image78.png;1,10,13;147.27272727272728;14.473684210526311;29.80392156862745;green
image10500.png;0,1,2,10,13;352.5;24.24242424242424;12.941176470588236;brown
image10514.png;0,1,6;192.0;65.21739130434783;18.03921568627451;blue
image10528.png;0,10,13,7;0.0;0.0;97.25490196078432;pink
image10064.png;0,7,8,11,13,19;0.0;0.4;98.0392156862745;pink
image10702.png;0,8,9,13,15,19;24.166666666666668;41.14285714285714;68.62745098039215;orange
image10070.png;0,2,3,6,13;232.5;9.52380952380952;32.94117647058823;blue
856853a9-image94.png;8,20,13,15;330.0;5.55555555555555;14.117647058823527;dark
31e87722-image93.png;8,1,2,3;16.875;23.88059701492537;52.54901960784314;orange
image10099.png;0,7,10,11,13;240.0;2.1739130434782603;72.15686274509804;blue
image10728.png;0,2,7,10,13;34.99999999999999;5.02092050209205;93.72549019607844;peach
image10700.png;0,3,8,13,15;240.0;5.08474576271186;23.137254901960784;blue
image10066.png;8,20,6,7;69.47368421052632;42.69662921348314;34.90196078431372;green
image10072.png;0,1,2,3,8;214.28571428571428;14.50777202072538;75.68627450980392;blue
image10502.png;0,3,9,13,15;6.315789473684211;40.42553191489361;18.43137254901961;brown
79793452-image19.png;0,10,15;51.42857142857144;3.46534653465346;79.2156862745098;yellow
image10270.png;0,9,13,15,19;30.0;1.59362549800796;98.4313725490196;peach
image10338.png;0,1,2,17,19;300.0;1.53846153846153;25.49019607843137;violet
image1032.png;0,12,14,7;282.85714285714283;18.42105263157894;14.901960784313726;violet
image10310.png;0,10,15;229.0909090909091;17.46031746031746;24.705882352941178;blue
image10476.png;2,3,7,8,12;22.5;17.77777777777777;17.647058823529413;brown
image10462.png;0,1,8,13,20;24.999999999999996;17.26618705035971;54.509803921568626;orange
image10304.png;0,2,6,15;30.0;0.8097165991902799;96.8627450980392;peach
image10112.png;0,3,7,8,13,17;210.0;16.425120772946862;81.17647058823529;blue
image10106.png;16,18,7;204.375;14.28571428571428;87.84313725490196;blue
image10660.png;0,1,2,3,8,13;51.42857142857144;7.90960451977401;69.41176470588235;yellow
image10113.png;13,15,16,17,18;36.0;2.01612903225806;97.25490196078432;peach
8cd4f6ca-image74.png;0,13,15,16,17,20;41.14285714285714;48.1651376146789;85.49019607843137;orange
image10649.png;0,7,9,13,19;288.0;8.06451612903225;24.313725490196077;violet
image10463.png;0,6,7,12,20;27.42857142857143;17.15686274509804;80.0;peach
image10311.png;10,11,13,7;216.0;18.86792452830188;41.568627450980394;blue
image10477.png;0,6,8,15,20;22.22222222222222;17.880794701986748;59.21568627450981;orange
image1033.png;0,19,6,7;27.272727272727273;22.91666666666666;75.29411764705883;orange
3bcf32aa-image21.png;8,19,13,15;50.0;2.92682926829268;80.3921568627451;yellow
image10488.png;0,7,11,13,17,18;60.0;1.22448979591836;96.07843137254902;green
image10271.png;0,3,7,11,12,16,17;214.7368421052632;10.27027027027027;72.54901960784314;blue
image10265.png;0,3,6,13,15;0.0;0.82304526748971;95.2941176470588;pink
image10073.png;7,8,13,14,18;270.0;8.33333333333333;9.411764705882351;dark
image10701.png;0,1,13,14,17,20;0.0;5.4054054054054;14.50980392156863;dark
image10067.png;0,13,15,16,20;344.2105263157895;61.29032258064516;48.627450980392155;red
3842cb08-image106.png;3,6,7,12,17;220.49999999999997;19.90049751243781;78.82352941176471;blue
image10098.png;0,6,13,15,20;11.999999999999996;28.84615384615384;20.392156862745097;brown
b7ae2280-image83.png;0,6,7,8,13,19;30.0;3.27868852459016;95.68627450980392;peach
image10088.png;1,10,6;33.333333333333336;3.79746835443038;92.94117647058825;peach
image10063.png;0,2,3,7,13,16;31.304347826086957;11.61616161616161;77.64705882352942;orange
image10711.png;0,1,6,13,20;60.0;0.42194092827004;92.94117647058825;green
image10077.png;0,2,7,13,14,17,19;36.0;2.01612903225806;97.25490196078432;peach
image10739.png;0,1,19,16;30.0;0.8;98.0392156862745;peach
image10507.png;0,1,2,3,13,16;15.0;5.0;62.74509803921568;red
image10275.png;0,8,13,15,17,20;0.0;2.04081632653061;19.215686274509807;brown
image10513.png;1,19,14;235.71428571428572;31.818181818181817;17.254901960784313;blue
image10249.png;2,6,13,15,17,20;25.26315789473684;42.45810055865922;70.19607843137254;orange
image10473.png;0,2,3,7,13,16;24.0;2.21238938053097;88.62745098039215;peach
image10315.png;0,6,13,15,19;240.0;1.58730158730158;98.82352941176472;blue
image10467.png;20,6,15;21.098901098901095;79.13043478260869;45.09803921568628;orange
image1023.png;0,3,6,13,15,16;0.0;0.0;90.98039215686276;pink
image1037.png;1,3,6,13,17;0.0;0.0;96.8627450980392;pink
c7bd23ea-image100.png;0,3,7,9,13,16;96.0;2.6178010471204103;74.90196078431373;green
image10671.png;0,8,13,14,15,18;24.929577464788732;65.43778801843318;85.09803921568627;orange
image10665.png;0,1,6,13,19;68.64;66.13756613756614;74.11764705882354;green
image10103.png;0,1,3,8,13;352.5;92.90322580645162;60.78431372549019;red
image10664.png;0,7,13,16,18;252.00000000000003;9.80392156862745;20.0;violet
image10102.png;0,10,13,15;30.0;0.8130081300813;96.47058823529412;peach
image10116.png;0,10,13,15;190.54945054945057;60.264900662251655;59.21568627450981;blue
image10670.png;8,20,13,15;323.8235294117647;82.92682926829268;96.47058823529412;pink
47b52686-image13.png;0,2,3,7,13;300.0;2.7027027027027;14.50980392156863;dark
image1036.png;0,1,2,3,13,16;142.5;5.55555555555555;56.47058823529411;green
image10328.png;0,1,2,10,13;44.4;49.01960784313725;80.0;orange
image10466.png;0,16,12;270.0;2.19780219780219;35.68627450980392;violet
image10472.png;16,1,3,12;255.0;9.09090909090909;17.254901960784313;violet
image10499.png;8,20,13,7;216.47058823529412;30.53892215568862;65.49019607843137;blue
image10512.png;0,10,13,15;0.0;0.0;14.901960784313726;dark
image10506.png;6,7;11.999999999999996;16.66666666666666;11.76470588235294;brown
c78243f5-image54.png;1,19,13,6;23.333333333333332;62.06896551724138;34.11764705882353;orange
image10738.png;8,1,18,6;250.00000000000003;4.95867768595041;47.45098039215686;violet
image10076.png;0,3,7,8,17;218.1818181818182;6.21468926553672;69.41176470588235;blue
image10062.png;0,10,13,15;346.55172413793105;94.3089430894309;48.23529411764706;red
image10089.png;19,13,14,7;40.0;2.41935483870967;97.25490196078432;peach
image10074.png;8,0,3,7;336.0;11.62790697674418;16.862745098039216;pink
37e7d593-image108.png;0,3,7,11,17;24.705882352941178;12.05673758865248;55.294117647058826;orange
image10706.png;0,20,6,7;30.0;0.80321285140562;97.6470588235294;peach
image10048.png;0,1,5,13,14,17;48.0;11.11111111111111;17.647058823529413;yellow
272a0393-image105.png;0,6,13,15,19;210.0;0.80321285140562;97.6470588235294;blue
image10289.png;0,1,11,13,19;203.4782608695652;26.436781609195396;34.11764705882353;blue
image10276.png;0,7,8,9,13,19;300.0;3.03030303030303;12.941176470588236;dark
image10538.png;0,13,5,15;9.999999999999998;3.8216560509554096;61.568627450980394;red
2bcfb46c-image30.png;3,13,14,7;32.90322580645161;14.22018348623853;85.49019607843137;peach
image1008.png;0,2,7,14,19;92.72727272727272;10.57692307692307;81.56862745098039;green
image10302.png;10,2,13,15;24.0;2.0;98.0392156862745;peach
image10316.png;0,1,13,16,20;40.0;5.4054054054054;43.52941176470589;brown
image10470.png;0,16,20,17;19.354838709677423;41.33333333333333;58.82352941176471;orange
image10458.png;0,10,13,15;20.0;42.85714285714285;2.7450980392156863;brown
image1034.png;0,9,10,15,17,20;30.588235294117645;25.75757575757575;77.64705882352942;orange
image1020.png;0,8,13,15,19;40.46511627906976;19.9074074074074;84.70588235294117;peach
94b92630-image25.png;19,13,15;34.285714285714285;4.86111111111111;56.47058823529411;orange
image10699.png;0,10,13,15;340.0;1.19521912350597;98.4313725490196;pink
image10672.png;1,3,13,6;60.0;0.79681274900398;98.4313725490196;green
image10128.png;0,13,5,7;40.0;6.43776824034334;91.37254901960785;peach
image10129.png;0,10,13,15;45.742574257425744;82.11382113821138;96.47058823529412;yellow
20fb2319-image2.png;8,19,13,7;216.96969696969697;96.11650485436893;80.7843137254902;blue
image10101.png;0,11,13,15,19;30.0;0.79681274900398;98.4313725490196;peach
image1021.png;0,10,13,15;1.93548387096774;15.270935960591132;79.6078431372549;pink
image10459.png;11,0,3,15;280.0;1.24481327800829;94.50980392156862;violet
image1035.png;0,19,14,7;330.0;9.52380952380952;8.235294117647058;dark
941949f7-image75.png;16,0,3,7;206.66666666666663;35.79545454545454;69.01960784313725;blue
image10465.png;2,7,13,16,19;34.99999999999999;11.6504854368932;80.7843137254902;peach
image10303.png;3,6,7;38.8235294117647;7.488986784140959;89.01960784313725;peach
image1009.png;0,2,3,7,8;60.0;0.40160642570281;97.6470588235294;green
image10539.png;0,8,13,15,19;27.6;26.041666666666668;75.29411764705883;orange
00c2512a-image46.png;0,17,20,1;24.705882352941178;28.176795580110497;70.98039215686275;orange
image10263.png;2,7,8,13,17,19;30.857142857142858;16.279069767441857;84.31372549019608;peach
image10505.png;0,10,13,15;34.05405405405405;19.473684210526308;74.50980392156863;orange
image10288.png;0,1,10,13,14,17;0.0;0.4;98.0392156862745;pink
5725747b-image73.png;0,2,7,13,19;240.0;0.8;98.0392156862745;blue
image10075.png;0,10,13,15,20;150.0;0.80321285140562;97.6470588235294;green
image10087.png;0,2,6,10,13,15,17;11.999999999999996;48.38709677419355;24.313725490196077;brown
0e50234a-image104.png;0,1,8,9,13,20;260.0;10.0;11.76470588235294;dark
image10044.png;8,3,13,15;6.66666666666667;7.11462450592885;99.2156862745098;pink
046b2cfa-image79.png;0,8,13,15,20;45.0;3.2520325203252;96.47058823529412;peach
image10291.png;16,18,13,15;15.0;81.9672131147541;95.68627450980392;pink
image10534.png;0,1,3,6,13;5.454545454545457;5.82010582010582;74.11764705882354;red
image10246.png;0,8,13,15,20;11.612903225806454;20.0;60.78431372549019;red
2c136af2-image113.png;0,6,8,13,20;31.500000000000004;21.62162162162162;72.54901960784314;orange
image10326.png;0,1,2,6,17,20;191.18644067796615;67.81609195402298;34.11764705882353;blue
image10440.png;8,0,20,15;43.63636363636364;12.35955056179775;69.80392156862744;orange
image10454.png;0,8,13,15,20;7.155963302752291;57.06806282722513;74.90196078431373;red
image1038.png;0,3,7,14,16;30.0;0.84745762711864;92.54901960784314;peach
image10118.png;0,8,13,15,18;0.0;0.79681274900398;98.4313725490196;pink
image10642.png;0,10,13,15;14.347826086956518;28.04878048780488;64.31372549019608;red
image10124.png;0,3,8,13,15;55.38461538461539;6.63265306122449;76.86274509803923;green
image10130.png;0,10,13,15;40.0;1.19521912350597;98.4313725490196;peach
image10131.png;0,8,13,15,18;40.0;1.19047619047619;98.82352941176472;peach
image10657.png;0,1,3,8,11,13;171.92307692307693;61.53846153846154;66.27450980392156;blue
image10643.png;0,8,9,13,15,18;11.076923076923077;46.099290780141835;55.294117647058826;red
image1039.png;16,0,18,15;300.0;1.2396694214876;94.90196078431372;violet
image10327.png;0,10,13,15;357.8571428571429;41.584158415841586;79.2156862745098;red
image10441.png;16,20,13,7;180.0;0.40322580645161;97.25490196078432;blue
image1005.png;0,1,3,6,9,13,17;300.0;5.4054054054054;14.50980392156863;dark
image1011.png;0,10,13,15;24.406779661016948;38.56209150326797;60.0;orange
image10496.png;0,10,13,15;190.0;4.9382716049382696;95.2941176470588;blue
image10521.png;0,1,3,14;247.5;15.09433962264151;20.784313725490197;violet
image10247.png;16,20,15;24.705882352941178;25.37313432835821;26.27450980392157;brown
image10253.png;0,3,6,13,15;72.00000000000001;12.88659793814432;76.07843137254902;green
image10535.png;0,17,2,7;220.00000000000003;28.125;12.549019607843135;blue
image10284.png;0,1,10,13;206.66666666666663;6.42857142857142;54.90196078431373;blue
image10290.png;0,6,7,12,19;36.0;8.7719298245614;44.70588235294118;brown
33bc7a87-image6.png;0,20,13,15;25.500000000000004;24.53987730061349;63.921568627450974;orange
9eaf9700-image41.png;0,11,20,14;40.0;1.2;98.0392156862745;peach
image10723.png;0,10,12,15;40.0;1.20481927710843;97.6470588235294;peach
image10737.png;0,7,8,13,19;270.0;0.8;98.0392156862745;violet
image10079.png;19,12,7;24.64285714285714;29.166666666666668;75.29411764705883;orange
image10086.png;0,2,10,13,15;30.0;4.03225806451612;97.25490196078432;peach
image10092.png;0,7,8,13,18;240.0;9.67741935483871;12.15686274509804;dark
0988d887-image44.png;0,2,3,7,13,14;42.85714285714286;3.0042918454935603;91.37254901960785;peach
image10090.png;0,3,6,7;256.3636363636363;7.05128205128205;61.1764705882353;violet
image10709.png;0,7,8,13,20;13.999999999999998;32.25806451612903;36.47058823529411;brown
image10047.png;0,10,12,7;0.0;10.0;7.84313725490196;dark
image10735.png;0,6,10,13,15;20.0;10.71428571428571;10.980392156862743;dark
632d68c0-image110.png;1,2,3,13;240.0;0.51282051282051;76.47058823529412;blue
image10245.png;0,2,6,7,13,19;30.0;5.1063829787234;92.15686274509804;peach
image10523.png;0,1,11,12,18;37.5;3.2;98.0392156862745;peach
image10537.png;0,1,8,13,19;9.375;20.64516129032258;60.78431372549019;red
image10480.png;8,11,3,15;214.0;27.27272727272727;43.13725490196079;blue
image1007.png;0,8,13,15,18;52.84403669724771;53.69458128078818;79.6078431372549;yellow
image10319.png;0,1,6,16,20;348.0;27.77777777777778;14.117647058823527;brown
image10331.png;;36.36363636363636;26.61290322580645;48.627450980392155;orange
image10457.png;0,8,13,15,20;29.090909090909093;19.29824561403508;67.05882352941175;orange
4845d956-image5.png;8,20,15;212.7272727272727;23.91304347826087;72.15686274509804;blue
image10696.png;0,3,6,7,12;72.00000000000001;2.14592274678111;91.37254901960785;green
image10682.png;0,7,13,16,18;40.0;1.21951219512195;96.47058823529412;peach
image10669.png;9,11,13,15,18;356.66666666666663;45.56962025316455;30.980392156862745;red
image10655.png;8,0,20,6;189.23076923076923;6.46766169154228;78.82352941176471;blue
image10133.png;10;13.043478260869565;21.395348837209298;84.31372549019608;pink
image10127.png;8,0,19,7;9.230769230769232;18.05555555555555;84.70588235294117;pink
image10641.png;0,19,13,15;45.0;1.59362549800796;98.4313725490196;peach
image10640.png;8,1,20,12;0.0;2.77777777777777;14.117647058823527;dark
0349fe62-image47.png;0,7,8,13,17,20;60.0;0.4;98.0392156862745;green
image10654.png;10,13,15;88.84615384615385;36.61971830985915;55.68627450980392;green
image10668.png;0,3,7,13,16;353.6170212765958;51.08695652173913;36.07843137254902;red
image10324.png;0,10,13,15;329.0322580645161;30.09708737864077;40.3921568627451;pink
image10330.png;0,10,13,15;45.0;2.64900662251655;59.21568627450981;orange
image10456.png;0,8,13,15,20;355.0;26.66666666666666;17.647058823529413;brown
image1012.png;12,6,15;20.930232558139533;53.086419753086425;31.76470588235294;orange
image10318.png;0,10,13,15;358.0327868852459;26.18025751072961;91.37254901960785;pink
image1006.png;0,2,3,7,13,16;180.0;3.8251366120218497;71.76470588235294;blue
e3857962-image51.png;1,2,3,6,12;47.44897959183674;85.21739130434783;90.19607843137256;yellow
image10536.png;8,0,18;36.35036496350365;64.62264150943396;83.13725490196079;orange
image10250.png;0,10,13,15;24.0;1.97628458498023;99.2156862745098;peach
image10244.png;0,1,10,13;30.0;1.59362549800796;98.4313725490196;peach
image10522.png;0,6,7,12,20;208.88888888888889;15.08379888268156;70.19607843137254;blue
image10278.png;0,10,13,15;25.71428571428572;2.83400809716599;96.8627450980392;peach
image10293.png;0,7,8,14,20;40.645161290322584;26.38297872340425;92.15686274509804;peach
image10052.png;0,1,3,6,13;300.0;11.11111111111111;14.117647058823527;dark
image10046.png;0,1,11,13,18;240.0;0.40983606557377;95.68627450980392;blue
image10708.png;0,3,7,8,9,13;26.000000000000004;14.77832512315271;79.6078431372549;peach
image10091.png;0,1,2,10,13;352.65306122448976;42.98245614035088;44.70588235294118;brown
image10085.png;0,3,14,7;0.0;5.0;7.84313725490196;dark
image10081.png;0,6,7,12,15,17;36.315789473684205;60.31746031746032;74.11764705882354;orange
image10095.png;0,8,13,15,19;34.73684210526316;21.71428571428571;68.62745098039215;orange
image10724.png;0,10,11,13,15;320.37735849056605;22.943722943722943;90.58823529411764;pink
image10056.png;17,19,6;40.0;10.77844311377245;65.49019607843137;orange
image10718.png;0,1,3,11,13;0.0;0.4;98.0392156862745;pink
image10297.png;0,3,7,8,13;195.0;16.0;9.803921568627452;blue
image10526.png;0,3,7,11,13,17;165.0;21.91780821917808;28.627450980392155;green
image10240.png;3,12,6,7;0.0;0.0;96.07843137254902;pink
image10254.png;0,8,9,13,15,18;24.87804878048781;27.89115646258503;57.647058823529406;orange
image10268.png;0,1,2,6,13,19;220.00000000000003;10.0;11.76470588235294;dark
image10491.png;2,6,7,13,19;36.0;2.0;98.0392156862745;peach
image10320.png;2,7,8,13,19;60.0;2.56410256410256;15.294117647058824;green
image10446.png;3,7,8,11,16;209.0909090909091;32.35294117647059;40.0;blue
image10308.png;0,2,6,7,13;24.0;21.7391304347826;9.019607843137257;brown
image1016.png;0,3,8,13,15;204.44444444444443;44.26229508196721;71.76470588235294;blue
image10687.png;0,3,8,13,15;30.0;0.79681274900398;98.4313725490196;peach
image0.png;3;42.35294117647058;70.83333333333334;65.88235294117646;orange
image10136.png;0,1,10,13,16;340.0;10.71428571428571;10.980392156862743;dark
image10650.png;10,13,15;28.695652173913047;11.27450980392156;80.0;peach
image10678.png;0,1,3,6,8,13;180.0;0.41152263374485;95.2941176470588;blue
image10645.png;0,13,15;50.39999999999999;33.33333333333333;29.411764705882355;yellow
image10123.png;0,3,7,8,13,17;211.07142857142856;37.83783783783784;58.03921568627452;blue
image10651.png;0,3,7,13,14;211.24999999999997;34.53237410071942;54.509803921568626;blue
image10686.png;0,6,13,15,19;90.0;0.79681274900398;98.4313725490196;green
image10692.png;10,13,15;33.793103448275865;46.77419354838709;72.94117647058823;orange
image1017.png;0,1,2,6,15,20;40.0;1.19521912350597;98.4313725490196;peach
image10309.png;0,7,8,13,14,17,18;218.33333333333337;32.14285714285714;43.92156862745098;blue
image10321.png;0,7,8,12,18;34.285714285714285;14.000000000000002;19.607843137254903;brown
image10335.png;0,1,10,13;309.2307692307692;24.07407407407407;21.176470588235293;violet
8a472ce8-image22.png;0,8,13,15,20;56.57142857142857;39.32584269662921;34.90196078431372;green
image10484.png;0,6,13,15,18;220.00000000000003;15.0;15.68627450980392;blue
image10255.png;0,10,13,15;40.0;1.21457489878542;96.8627450980392;peach
image10533.png;0,7,13,16,20;0.0;25.0;3.1372549019607843;brown
image10527.png;0,1,2,6,13,19;143.07692307692307;13.06532663316583;78.03921568627452;green
image10241.png;0,1,9,10,13;20.0;3.4090909090909;34.509803921568626;brown
image10296.png;0,3,13,15,16;36.92307692307693;8.66666666666666;58.82352941176471;orange
image10282.png;0,1,2,6,13,20;68.57142857142857;9.85915492957746;55.68627450980392;green
image10719.png;0,11,13,15,20;40.0;1.20481927710843;97.6470588235294;peach
image10731.png;0,3,6,13,15;330.0;34.782608695652165;36.07843137254902;pink
c1b5ec53-image39.png;16,18,15;0.0;0.4081632653061199;96.07843137254902;pink
image10043.png;0,1,3,11,12;210.0;4.05405405405405;58.03921568627452;blue
image10725.png;16,18,11,7;36.47058823529412;22.86995515695067;87.45098039215686;peach
image10094.png;2,19,13,15;36.12903225806452;52.24719101123596;69.80392156862744;orange
b0389953-image112.png;0,9,10,13,15;356.47058823529414;40.96385542168674;32.549019607843135;brown
image10096.png;0,2,6,7,19;11.999999999999996;6.32911392405063;92.94117647058825;pink
image10082.png;0,3,7,13,14;0.0;0.0;94.50980392156862;pink
image10055.png;11,19,13,7;340.0;3.75;94.11764705882352;pink
image10733.png;0,10,13,15;356.66666666666663;56.25;25.09803921568627;red
image10727.png;0,8,18,7;22.857142857142858;21.31979695431472;77.25490196078432;orange
image10041.png;0,6,13,15,16,18;20.259740259740266;44.508670520231206;67.84313725490196;orange
image10294.png;0,6,7,10,13;357.5342465753425;62.93103448275862;45.490196078431374;red
image10280.png;0,3,6,13,15;40.0;10.0;82.35294117647058;peach
c460be64-image109.png;8,0,20,15;20.0;1.20967741935483;97.25490196078432;peach
image10243.png;16,1,19,0;20.689655172413794;45.3125;25.09803921568627;orange
image10525.png;1,10;210.0;0.8;98.0392156862745;blue
image10519.png;0,2,8,13,15,20;26.582278481012654;69.60352422907489;89.01960784313725;orange
image10486.png;0,1,6,13,19;30.0;1.6;98.0392156862745;peach
image10492.png;0,3,7,8,13,17;0.0;0.40160642570281;97.6470588235294;pink
image10445.png;0,6,13,15,20;24.0;2.0;98.0392156862745;peach
image1029.png;0,7,13,14,17,20;54.857142857142854;54.40414507772021;75.68627450980392;yellow
image10323.png;0,1,2,3,8,13;0.0;0.0;12.941176470588236;dark
image1015.png;0,1,2,10,17;2.2784810126582267;70.53571428571429;43.92156862745098;red
image1001.png;0,8,9,13,15,19;240.0;11.9047619047619;16.470588235294116;blue
image10684.png;0,1,2,3,6,13;240.0;0.79681274900398;98.4313725490196;blue
8626eb3a-image11.png;3,13,14;30.0;24.65753424657534;28.627450980392155;brown
image105.png;19,13,6,15;210.0;0.80321285140562;97.6470588235294;blue
514f3c7b-image23.png;10,2,15;0.0;0.79681274900398;98.4313725490196;pink
image10121.png;20,12,14,7;30.0;0.79681274900398;98.4313725490196;peach
image10653.png;0,10,13,15;354.0;30.0;78.43137254901961;red
image10109.png;1,2,11,13,17,19;23.076923076923073;50.0;40.78431372549019;orange
image10108.png;0,2,13,15,19;20.0;44.44444444444444;21.176470588235293;brown
image10652.png;0,3,13,15,16;0.8219178082191814;41.24293785310734;69.41176470588235;red
image10134.png;1,11,13,17,19;240.0;14.28571428571428;16.470588235294116;blue
image10120.png;1,2,3,6,13;30.0;7.27272727272727;21.568627450980394;brown
image10691.png;0,3,6,7,13;18.620689655172413;31.182795698924732;36.47058823529411;brown
image10685.png;10,13,15;192.0;1.97628458498023;99.2156862745098;blue
image10450.png;0,10,13,15;23.076923076923073;63.725490196078425;40.0;orange
image10444.png;0,7,8,13,19;352.4137931034483;84.05797101449275;81.17647058823529;red
image10322.png;0,6,13,15,19;15.849056603773588;28.64864864864865;72.54901960784314;orange
image10493.png;11,1,3,0;0.0;0.0;16.07843137254902;brown
image10487.png;0,13,15,16,18;60.0;2.63157894736842;14.901960784313726;dark
image10518.png;0,6,13,15,20;20.0;3.1578947368421;37.25490196078432;brown
image10242.png;16,3,6,15;40.0;1.22448979591836;96.07843137254902;peach
image10295.png;8,19,7;210.0;0.79681274900398;98.4313725490196;blue
image10726.png;0,3,8,13,15;42.22222222222222;18.367346938775512;57.647058823529406;orange
image10054.png;0,6,13,15,17,19;35.1219512195122;19.617224880382768;81.96078431372548;peach
image10083.png;0,10,13,15;15.555555555555555;12.98076923076923;81.56862745098039;peach
image10097.png;0,10,13,15;353.95348837209303;84.86842105263158;59.6078431372549;red
image10782.png;8,1,19,11;30.0;14.814814814814811;10.588235294117649;dark
image10769.png;0,1,8,13,20;40.0;1.19047619047619;98.82352941176472;peach
image10033.png;0,3,6,7,13;45.0;1.61943319838056;96.8627450980392;peach
image10755.png;0,7,8,13,18;85.7142857142857;7.954545454545451;69.01960784313725;green
image10594.png;0,5,7,8,13;24.999999999999996;7.27272727272727;64.70588235294117;orange
image10580.png;0,17,20,1;30.0;18.35748792270531;81.17647058823529;peach
image10219.png;0,9,10,13,15;353.33333333333337;3.64372469635627;96.8627450980392;pink
image10543.png;0,1,10;348.0;22.12389380530973;88.62745098039215;pink
image10392.png;8,0,19,7;289.99999999999994;13.63636363636363;17.254901960784313;violet
9d406383-image89.png;0,3,6,7,12;172.5;18.604651162790688;16.862745098039216;blue
image10379.png;0,7,13,16,19;340.0;8.1081081081081;14.50980392156863;dark
image10423.png;0,10,15;25.71428571428572;44.44444444444444;49.411764705882355;orange
image10345.png;0,3,9,13,15;225.0;8.16326530612244;19.215686274509807;blue
image10351.png;1,2,12,17,20;23.333333333333332;38.297872340425535;55.294117647058826;orange
image10437.png;0,7,12,16,17,18;270.0;6.06060606060606;12.941176470588236;dark
image10184.png;0,2,7,13,16,19;63.15789473684211;19.0;39.21568627450981;green
cee5c250-image48.png;0,3,11,12,15;222.3529411764706;12.23021582733813;54.509803921568626;blue
image10609.png;0,7,12,16,17,19;34.666666666666664;60.810810810810814;58.03921568627452;orange
image10147.png;0,10,15;19.187817258883246;86.02620087336244;89.80392156862746;orange
image10621.png;0,3,10,13,15,17;29.032258064516128;19.25465838509316;63.13725490196078;orange
image10153.png;0,1,12,14,20;333.59999999999997;14.53488372093023;67.45098039215686;pink
image10634.png;0,1,6,8,13,19;0.0;52.27272727272727;17.254901960784313;brown
image10152.png;19,11,13,15;8.88888888888889;38.94230769230769;81.56862745098039;red
image10146.png;0,1,6,13,19;172.38095238095238;58.87850467289719;41.96078431372549;blue
image10620.png;0,1,6,13,20;36.66666666666667;16.58986175115207;85.09803921568627;peach
image10608.png;0,7,11,17,19;234.2857142857143;34.42622950819672;23.92156862745098;blue
image10185.png;0,10,13,15,17;40.0;1.2396694214876;94.90196078431372;peach
image10350.png;0,2,3,7,13;30.0;1.60642570281124;97.6470588235294;peach
image10422.png;3,13,6,15;353.33333333333337;15.0;23.52941176470588;brown
image1066.png;0,2,10,13,15;353.3684210526316;95.0;78.43137254901961;red
image10378.png;0,10,13,15;223.2558139534883;64.17910447761194;26.27450980392157;blue
image10393.png;0,1,12,8;0.0;4.38247011952191;98.4313725490196;pink
image10387.png;0,10,13;35.581395348837205;41.148325358851665;81.96078431372548;orange
image10224.png;19,13,6,15;300.0;0.4;98.0392156862745;violet
image10542.png;0,1,6,13,19;140.0;12.0;9.803921568627452;dark
image10556.png;0,13,15,16,20;45.0;1.58730158730158;98.82352941176472;peach
image10230.png;0,3,7,12,16;245.45454545454544;6.79012345679012;63.52941176470588;violet
image10218.png;0,1,2,10,13;0.0;13.33333333333333;11.76470588235294;dark
image10581.png;0,10,13,15;40.0;7.54716981132075;62.35294117647059;orange
image10595.png;0,3,4,8,13,15;0.0;0.0;95.68627450980392;pink
image10740.png;0,10,13,15;240.0;3.44827586206896;11.372549019607844;dark
image10032.png;19,12,6,7;255.0;10.0;15.68627450980392;violet
image10768.png;10,13,15;343.5532994923858;87.94642857142857;87.84313725490196;red
image10795.png;7,8,13,17,19;28.235294117647054;11.18421052631579;59.6078431372549;orange
image10018.png;0,9,13,15,16,19;100.0;2.40963855421686;97.6470588235294;green
image10024.png;0,8,9,13,15,19;30.0;23.1578947368421;37.25490196078432;brown
image10756.png;0,19,6,15;66.3157894736842;27.142857142857142;27.450980392156865;green
image10568.png;0,1,13,14;240.0;0.54054054054054;72.54901960784314;blue
image10540.png;2,3,6,7,13;41.99999999999999;7.5187969924812;52.156862745098046;orange
image10226.png;0,3,7,12,14;0.0;0.0;94.90196078431372;pink
image10232.png;0,11,13,15,20;0.0;2.40963855421686;97.6470588235294;pink
image10391.png;0,1,19,16;40.0;1.19047619047619;98.82352941176472;peach
image10385.png;0,8,13,15,20;15.0;1.58730158730158;98.82352941176472;pink
image1064.png;11,1,3;30.0;0.79681274900398;98.4313725490196;peach
image10434.png;0,2,10,13,15;18.000000000000004;9.61538461538461;81.56862745098039;peach
image1058.png;1,2,6,13,19;30.0;0.79681274900398;98.4313725490196;peach
image10346.png;0,1,2,3,13,17;235.0;11.76470588235294;40.0;blue
1f86301b-image29.png;0,2,8,13,15,19;199.99999999999997;1.21951219512195;96.47058823529412;blue
image10420.png;0,1,3,9,11,13;240.0;14.28571428571428;10.980392156862743;dark
image10193.png;0,8,13,15,20;220.00000000000003;4.28571428571428;27.450980392156865;blue
image10187.png;0,1,13,6;22.72727272727273;57.89473684210527;44.70588235294118;orange
image10150.png;0,3,8,13,15;0.0;0.4166666666666599;94.11764705882352;pink
image10636.png;2,7,12,16,20;225.0;22.22222222222222;14.117647058823527;blue
image10623.png;0,19,13,15;15.0;1.6326530612244898;96.07843137254902;pink
image10145.png;0,6,7,13,20;0.0;1.65289256198347;94.90196078431372;pink
image10151.png;0,3,7,8,17;180.0;5.9171597633136;66.27450980392156;blue
image10637.png;10,2,13,15;1.3138686131386843;90.72847682119205;59.21568627450981;red
image10179.png;0,1,6,11,13,18;44.727272727272734;29.56989247311828;72.94117647058823;orange
fc022889-image17.png;0,6,13,15,20;20.0;1.21951219512195;96.47058823529412;peach
image10186.png;0,1,2,3,16;36.0;2.01612903225806;97.25490196078432;peach
image10192.png;0,3,7,13,14;180.0;0.40983606557377;95.68627450980392;blue
image10347.png;0,9,19,15;252.8571428571429;48.27586206896552;11.372549019607844;violet
image10421.png;0,3,7,12,16;300.0;0.4;98.0392156862745;violet
54b007e8-image1.png;11,3,12,7;180.0;2.04081632653061;57.647058823529406;blue
image10435.png;0,2,7,13,16,20;30.0;1.6;98.0392156862745;peach
image10409.png;0,8,13,15,20;295.00000000000006;4.97925311203319;94.50980392156862;violet
image1065.png;0,10,13,15;338.1818181818182;23.706896551724128;90.98039215686276;pink
image10384.png;0,9,10,13,15;43.38461538461539;38.92215568862275;65.49019607843137;orange
image10233.png;0,8,13,15,17,19;180.0;15.151515151515149;12.941176470588236;blue
image10227.png;8,9,13,15,19;15.882352941176467;60.71428571428571;21.96078431372549;brown
4cd829b3-image87.png;0,1,6,13,20;0.0;0.0;22.745098039215687;brown
image10596.png;0,1,13,16,17,20;270.0;8.0;9.803921568627452;dark
image10582.png;2,6,13,15,20;147.6923076923077;67.24137931034483;45.490196078431374;green
image10031.png;0,1,11,12,13,17,19;36.66666666666667;9.4240837696335;74.90196078431373;orange
image10025.png;0,1,2,6,13,20;231.42857142857144;19.44444444444444;14.117647058823527;blue
image10743.png;0,2,5,8,12,15;0.0;0.0;97.25490196078432;pink
image10019.png;0,7,11,13,17,18;240.0;0.41152263374485;95.2941176470588;blue
image10784.png;0,2,3,13,15;182.10526315789477;50.0;44.70588235294118;blue
image10747.png;0,7,13,16,20;36.0;2.0242914979756996;96.8627450980392;peach
image10021.png;0,8,13,15,19;0.0;0.0;11.76470588235294;dark
image10035.png;0,11,13,15;84.99999999999999;5.68720379146919;82.74509803921568;green
image10753.png;1,2,19,13;30.0;2.41935483870967;97.25490196078432;peach
image10586.png;8,2,20,15;30.0;0.79681274900398;98.4313725490196;peach
image10592.png;0,8,3,15;192.0;2.1008403361344503;93.33333333333331;blue
image10223.png;0,10,13,15;60.0;0.8;98.0392156862745;green
image10551.png;0,17,10,1;250.00000000000003;24.0;9.803921568627452;violet
image10579.png;10,2,13,15;148.52459016393442;61.61616161616161;38.82352941176471;green
image10394.png;19,6,15;30.0;23.68421052631578;59.6078431372549;orange
image10380.png;0,6,7,10,13;45.0;20.51282051282051;15.294117647058824;brown
image10357.png;1,19,13,6;154.1176470588235;91.07142857142856;43.92156862745098;green
image10431.png;1,3,12,6;180.0;0.82304526748971;95.2941176470588;blue
image1049.png;10,13,15;23.225806451612904;24.409448818897637;49.80392156862745;orange
image10343.png;0,3,7,13,16;5.806451612903227;28.18181818181818;43.13725490196079;brown
image1061.png;0,2,3,7,13;25.26315789473684;13.01369863013698;57.25490196078431;orange
image1075.png;0,1,2,8,17,19;30.0;0.79681274900398;98.4313725490196;peach
image10196.png;0,4,6,7,13,19;346.1538461538462;17.25663716814159;88.62745098039215;pink
image10182.png;0,1,20,13;30.0;1.60642570281124;97.6470588235294;peach
image10800.png;0,8,19,15;20.0;1.19521912350597;98.4313725490196;peach
20f1a9a0-image37.png;13,20,5,15;41.53846153846153;10.83333333333333;47.05882352941176;orange
image10633.png;0,3,7,8,13;332.14285714285717;32.18390804597701;68.23529411764706;pink
image10155.png;6,7,8,19,20;330.0;10.52631578947368;14.901960784313726;dark
image10141.png;0,10,15;354.7368421052632;89.0625;50.19607843137255;red
image10169.png;1,2,10,13;45.0;10.25641025641025;15.294117647058824;brown
image10626.png;0,3,7,8,13,17;0.0;5.88235294117647;13.333333333333334;dark
a5fe2803-image16.png;0,16,3,7;240.0;15.68627450980392;20.0;blue
image10154.png;9,13;26.896551724137932;21.80451127819548;52.156862745098046;orange
image10801.png;0,7,8,13,19;330.0;0.836820083682;93.72549019607844;pink
image10183.png;0,1,9,13,20;350.1428571428571;76.08695652173914;72.15686274509804;red
image10197.png;16,3,12,15;0.0;4.8780487804878;16.07843137254902;brown
image10418.png;0,1,10,13;70.43478260869564;31.29251700680272;57.647058823529406;green
ed97705c-image88.png;0,1,13,6;30.81081081081081;20.55555555555555;70.58823529411765;orange
image1074.png;0,9,13,15,20;340.0;8.33333333333333;14.117647058823527;dark
image1060.png;0,3,7,8,13;356.9117647058824;77.71428571428571;68.62745098039215;red
image10424.png;10,13,15;40.0;1.19047619047619;98.82352941176472;peach
image1048.png;3,14,7;229.99999999999997;8.95522388059701;26.27450980392157;blue
image10381.png;0,6,10,12,15;330.0;14.705882352941169;53.333333333333336;pink
image10395.png;0,3,7,12,14;36.0;1.99203187250996;98.4313725490196;peach
image10578.png;0,10,13,15;14.18181818181818;30.89887640449438;69.80392156862744;red
image10222.png;0,7,11,12,19;24.0;46.96132596685083;70.98039215686275;orange
image10544.png;0,8,13,15,19;19.655172413793103;26.72811059907834;85.09803921568627;peach
image10587.png;0,1,8,13,20;160.0;1.19047619047619;98.82352941176472;green
image10746.png;0,1,18,11;30.0;4.8780487804878;96.47058823529412;peach
5db55633-image56.png;0,20,6,15;216.66666666666663;10.40462427745664;67.84313725490196;blue
image10020.png;0,10,13,15;36.986301369863014;43.71257485029941;65.49019607843137;orange
image10785.png;0,10,13,15;33.07692307692308;39.0;78.43137254901961;orange
image10750.png;0,1,6,13,19;60.0;5.0;7.84313725490196;dark
image10036.png;0,16,19,7;27.0;30.303030303030297;25.882352941176475;brown
image10022.png;3,7,8,9,13;90.0;0.82987551867219;94.50980392156862;green
image10591.png;0,9,13,15,20;260.0;9.09090909090909;12.941176470588236;dark
image10234.png;1,2,3,6,12,16,17;203.33333333333337;14.87603305785124;47.45098039215686;blue
image10208.png;0,10,13,15;31.42857142857143;20.095693779904305;81.96078431372548;peach
image10383.png;0,1,3,8,13;18.18181818181818;68.75;37.64705882352941;orange
image10340.png;0,2,3,7,12;32.432432432432435;23.87096774193548;60.78431372549019;orange
image10426.png;19,13,14,7;228.0;2.40384615384615;81.56862745098039;blue
image10354.png;0,1,6,13,20;34.285714285714285;18.91891891891892;58.03921568627452;orange
image1062.png;0,1,2,8,13,20;16.363636363636363;34.375;12.549019607843135;brown
image10368.png;0,5,6,15,17;24.0;50.63291139240506;30.980392156862745;orange
image10181.png;8,20,13,15;36.0;6.06060606060606;64.70588235294117;orange
image10803.png;8,3,13,7;214.54545454545456;56.896551724137936;45.490196078431374;blue
image10624.png;9,10,1;0.0;0.0;41.96078431372549;brown
image10142.png;7,8,13,14,18;229.56521739130437;32.857142857142854;27.450980392156865;blue
image10156.png;0,2,3,7;184.61538461538456;64.19753086419753;31.76470588235294;blue
image10630.png;13,6,7;50.0;3.125;75.29411764705883;yellow
image10618.png;0,3,7,11,13,16,17;60.0;0.4048582995951399;96.8627450980392;green
image10143.png;0,8,13,15,19;60.0;0.40160642570281;97.6470588235294;green
image10802.png;0,3,6,7,13;240.0;1.40845070422535;83.52941176470588;blue
image10194.png;0,8,18,13;40.285714285714285;39.32584269662921;69.80392156862744;orange
image10180.png;0,2,10,13,15;11.999999999999996;10.067114093959727;58.43137254901961;red
image1063.png;0,7,10,13,17;180.0;0.4;98.0392156862745;blue
image1077.png;0,1,8,17,19;30.0;1.58730158730158;98.82352941176472;peach
image10427.png;3,13,6,15;30.0;0.81967213114754;95.68627450980392;peach
image10396.png;0,10,13,15,17;30.749999999999996;41.23711340206185;76.07843137254902;orange
image10382.png;0,7,8,13,18;240.0;4.347826086956521;9.019607843137257;dark
image10221.png;0,1,10;38.46153846153846;21.19565217391304;72.15686274509804;orange
image10584.png;0,5,6,7;37.4025974025974;38.88888888888889;77.64705882352942;orange
image10779.png;0,10,13,15;353.33333333333337;70.18348623853211;85.49019607843137;red
image10023.png;10,13,15;204.87804878048783;19.90291262135922;80.7843137254902;blue
image10745.png;0,4,11,15,18;30.0;40.81632653061224;19.215686274509807;brown
image10751.png;0,1,11,13,20;355.7142857142857;81.66666666666667;47.05882352941176;red
image10037.png;0,8,9,13,15,18;30.0;2.5104602510460197;93.72549019607844;peach
